-- phpMyAdmin SQL Dump
-- version 3.5.2.2
-- http://www.phpmyadmin.net
--
-- Host: 127.0.0.1
-- Generation Time: Aug 14, 2014 at 12:31 PM
-- Server version: 5.5.27
-- PHP Version: 5.4.7

SET SQL_MODE="NO_AUTO_VALUE_ON_ZERO";
SET time_zone = "+00:00";


/*!40101 SET @OLD_CHARACTER_SET_CLIENT=@@CHARACTER_SET_CLIENT */;
/*!40101 SET @OLD_CHARACTER_SET_RESULTS=@@CHARACTER_SET_RESULTS */;
/*!40101 SET @OLD_COLLATION_CONNECTION=@@COLLATION_CONNECTION */;
/*!40101 SET NAMES utf8 */;

--
-- Database: `amcwm`
--

-- --------------------------------------------------------

--
-- Table structure for table `exchange`
--

CREATE TABLE IF NOT EXISTS `exchange` (
  `exchange_id` int(11) NOT NULL AUTO_INCREMENT,
  `exchange_name` varchar(45) CHARACTER SET utf8 DEFAULT NULL,
  `currency` varchar(45) CHARACTER SET utf8 DEFAULT NULL,
  `published` tinyint(1) NOT NULL DEFAULT '1',
  `test` int(1) NOT NULL,
  PRIMARY KEY (`exchange_id`)
) ENGINE=InnoDB  DEFAULT CHARSET=latin1 AUTO_INCREMENT=8 ;

--
-- Dumping data for table `exchange`
--

INSERT INTO `exchange` (`exchange_id`, `exchange_name`, `currency`, `published`, `test`) VALUES
(1, 'البورصة المصرية (EGX30)', 'EGP', 1, 0),
(2, 'سوق الكويت للأوراق المالية', 'KWD', 1, 0),
(4, 'سوق دبي المالي', 'AED', 1, 0),
(5, 'السوق المالية السعودية', 'SAR', 1, 0),
(6, 'سوق أبوظبي للأوراق المالية', 'AED', 1, 0),
(7, 'بورصة البحرين', 'BHD', 1, 0);

-- --------------------------------------------------------

--
-- Table structure for table `exchange_companies`
--

CREATE TABLE IF NOT EXISTS `exchange_companies` (
  `exchange_companies_id` int(11) NOT NULL AUTO_INCREMENT,
  `exchange_id` int(11) NOT NULL,
  `code` varchar(45) CHARACTER SET utf8 DEFAULT NULL,
  `published` tinyint(1) NOT NULL,
  `currency` varchar(45) CHARACTER SET utf8 NOT NULL,
  PRIMARY KEY (`exchange_companies_id`),
  KEY `fk_exchange_companies_exchange1_idx` (`exchange_id`)
) ENGINE=InnoDB  DEFAULT CHARSET=latin1 AUTO_INCREMENT=530 ;

--
-- Dumping data for table `exchange_companies`
--

INSERT INTO `exchange_companies` (`exchange_companies_id`, `exchange_id`, `code`, `published`, `currency`) VALUES
(1, 1, 'PHDC', 1, 'EGP'),
(2, 1, 'TMGH', 1, 'EGP'),
(3, 1, 'PIOH', 1, 'EGP'),
(4, 4, 'DU', 1, 'AED'),
(5, 1, 'ESRS', 1, 'EGP'),
(6, 1, 'GTHE', 1, 'EGP'),
(7, 1, 'ETEL', 1, 'EGP'),
(8, 1, 'COMI', 1, 'EGP'),
(9, 1, 'HRHO', 1, 'EGP'),
(10, 1, 'CCAP', 1, 'EGP'),
(11, 1, 'JUFO', 1, 'EGP'),
(12, 1, 'AMOC', 1, 'EGP'),
(13, 1, 'SWDY', 1, 'EGP'),
(14, 1, 'OTMT', 1, 'EGP'),
(15, 1, 'ORWE', 1, 'EGP'),
(16, 1, 'RAYA', 1, 'EGP'),
(17, 1, 'WATP', 1, 'EGP'),
(18, 1, 'SKPC', 1, 'EGP'),
(19, 1, 'EFIC', 1, 'EGP'),
(20, 1, 'MOIL', 1, 'EGP'),
(21, 1, 'QNBA', 1, 'EGP'),
(22, 1, 'ELKA', 1, 'EGP'),
(23, 1, 'OCDI', 1, 'EGP'),
(24, 1, 'EKHO', 1, 'EGP'),
(25, 1, 'EGTS', 1, 'EGP'),
(26, 1, 'AIND', 1, 'EGP'),
(27, 1, 'DCRC', 1, 'EGP'),
(28, 1, 'ACGC', 1, 'EGP'),
(29, 1, 'NRPD', 1, 'EGP'),
(30, 1, 'AMER', 1, 'EGP'),
(31, 4, 'HITSTELEC', 1, 'AED'),
(32, 4, 'EKTTITAB', 1, 'AED'),
(33, 4, 'GGICO', 1, 'AED'),
(34, 4, 'DIC', 1, 'AED'),
(35, 4, 'DFM', 1, 'AED'),
(36, 4, 'IFA', 1, 'AED'),
(37, 4, 'ALMADINA', 1, 'AED'),
(38, 4, 'SHUAA', 1, 'AED'),
(39, 4, 'ALSALAMKW', 1, 'AED'),
(40, 4, 'EMIRATESNBD', 1, 'AED'),
(41, 4, 'DIB', 1, 'AED'),
(42, 4, 'GFH', 1, 'AED'),
(43, 4, 'AJMANBANK', 1, 'AED'),
(44, 4, 'SALAM_BAH', 1, 'AED'),
(45, 4, 'ALSALAMSUDAN', 1, 'AED'),
(46, 4, 'SALAMA', 1, 'AED'),
(47, 4, 'TAKAFUL-EM', 1, 'AED'),
(48, 4, 'DARTAKAFUL', 1, 'AED'),
(49, 4, 'AMAN', 1, 'AED'),
(50, 4, 'TABREED', 1, 'AED'),
(51, 4, 'NCC', 1, 'AED'),
(52, 4, 'NIND', 1, 'AED'),
(53, 4, 'EMAAR', 1, 'AED'),
(54, 4, 'ARTC', 1, 'AED'),
(55, 4, 'UPP', 1, 'AED'),
(56, 4, 'DSI', 1, 'AED'),
(57, 4, 'DEYAAR', 1, 'AED'),
(58, 4, 'AIRARABIA', 1, 'AED'),
(59, 4, 'ARMX', 1, 'AED'),
(60, 4, 'GULFNAV', 1, 'AED'),
(61, 4, 'DPW', 1, 'AED'),
(62, 2, 'بحرية', 1, 'KWD'),
(63, 2, 'ايكاروس', 1, 'KWD'),
(64, 2, 'صفاة طاقة	', 1, 'KWD'),
(65, 2, 'بترولية', 1, 'KWD'),
(66, 2, 'نابيسكو', 1, 'KWD'),
(67, 2, 'بيت الطاقة	', 1, 'KWD'),
(68, 2, 'بتروجلف', 1, 'KWD'),
(69, 2, 'آبار', 1, 'KWD'),
(70, 2, 'انابيب', 1, 'KWD'),
(71, 2, 'سكب ك	', 1, 'KWD'),
(72, 2, 'بوبيان ب	', 1, 'KWD'),
(73, 2, 'الكوت', 1, 'KWD'),
(74, 2, 'القرين', 1, 'KWD'),
(75, 2, 'الخصوصية', 1, 'KWD'),
(76, 2, 'اسمنت', 1, 'KWD'),
(77, 2, 'تبريد', 1, 'KWD'),
(78, 2, 'كابلات', 1, 'KWD'),
(79, 2, 'سفن', 1, 'KWD'),
(80, 2, 'بورتلاند', 1, 'KWD'),
(81, 2, 'ورقية', 1, 'KWD'),
(82, 2, 'معادن', 1, 'KWD'),
(83, 2, 'أسيكو', 1, 'KWD'),
(84, 2, 'خليج زجاج	', 1, 'KWD'),
(85, 2, 'الهلال', 1, 'KWD'),
(86, 2, 'التغليف', 1, 'KWD'),
(87, 2, 'البناء', 1, 'KWD'),
(88, 2, 'وطنية م ب	', 1, 'KWD'),
(89, 2, 'المعدات', 1, 'KWD'),
(90, 2, 'استهلاكيه', 1, 'KWD'),
(91, 2, 'الجبس', 1, 'KWD'),
(92, 2, 'صلبوخ', 1, 'KWD'),
(93, 2, 'أجيليتي', 1, 'KWD'),
(94, 2, 'تعليمية', 1, 'KWD'),
(95, 2, 'تنظيف', 1, 'KWD'),
(96, 2, 'سيتي جروب	', 1, 'KWD'),
(97, 2, 'الرابطة', 1, 'KWD'),
(98, 2, 'الرابطة', 1, 'KWD'),
(99, 2, 'المعامل', 1, 'KWD'),
(100, 2, 'هيومن سوفت	', 1, 'KWD'),
(101, 2, 'نفائس	', 1, 'KWD'),
(102, 2, 'صفوان	', 1, 'KWD'),
(103, 2, 'امتيازات', 1, 'KWD'),
(104, 2, 'ميادين', 1, 'KWD'),
(105, 2, 'المشتركة', 1, 'KWD'),
(106, 2, 'مشرف', 1, 'KWD'),
(107, 2, 'يوباك', 1, 'KWD'),
(108, 2, 'ألافكو	', 1, 'KWD'),
(109, 2, 'مبرد', 1, 'KWD'),
(110, 2, 'لوجستيك', 1, 'KWD'),
(111, 2, 'شارقة ا	', 1, 'KWD'),
(112, 2, 'اسمنت خليج	', 1, 'KWD'),
(113, 2, 'قيوين ا	', 1, 'KWD'),
(114, 2, 'فجيرة ا	', 1, 'KWD'),
(115, 2, 'اسمنت ابيض	', 1, 'KWD'),
(116, 2, 'مسالخ ك	', 1, 'KWD'),
(117, 2, 'وط للمسالخ	', 1, 'KWD'),
(118, 2, 'النخيل', 1, 'KWD'),
(119, 2, 'مواشي', 1, 'KWD'),
(120, 2, 'دانة', 1, 'KWD'),
(121, 2, 'دواجن', 1, 'KWD'),
(122, 2, 'اغذية	', 1, 'KWD'),
(123, 2, 'المواساة	', 1, 'KWD'),
(124, 2, 'التقدم', 1, 'KWD'),
(125, 2, 'ياكو', 1, 'KWD'),
(126, 2, 'سينما', 1, 'KWD'),
(127, 2, 'فنادق', 1, 'KWD'),
(128, 2, 'م سلطان', 1, 'KWD'),
(129, 2, 'ك تلفزيوني	', 1, 'KWD'),
(130, 2, 'إياس	', 1, 'KWD'),
(131, 2, 'ايفا فنادق	', 1, 'KWD'),
(132, 2, 'أولى وقود	', 1, 'KWD'),
(133, 2, 'منتزهات', 1, 'KWD'),
(134, 2, 'الجزيرة', 1, 'KWD'),
(135, 2, 'السور', 1, 'KWD'),
(136, 2, 'فيوتشر كيد	', 1, 'KWD'),
(137, 2, 'النوادي', 1, 'KWD'),
(138, 2, 'الراي', 1, 'KWD'),
(139, 2, 'زيما', 1, 'KWD'),
(140, 2, 'الغذائية', 1, 'KWD'),
(141, 2, 'كوت فود	', 1, 'KWD'),
(142, 2, 'زين', 1, 'KWD'),
(143, 2, 'أريد', 1, 'KWD'),
(144, 2, 'هيتس تلكوم	', 1, 'KWD'),
(145, 2, 'وطني', 1, 'KWD'),
(146, 2, 'خليج ب	', 1, 'KWD'),
(147, 2, 'تجاري', 1, 'KWD'),
(148, 2, 'اهلي', 1, 'KWD'),
(149, 2, 'المتحد', 1, 'KWD'),
(150, 2, 'الدولي	', 1, 'KWD'),
(151, 2, 'برقان	', 1, 'KWD'),
(152, 2, 'بيتك', 1, 'KWD'),
(153, 2, 'بنك بوبيان	', 1, 'KWD'),
(154, 2, 'اهلي متحد	', 1, 'KWD'),
(155, 2, 'الإثمار', 1, 'KWD'),
(156, 2, 'بنك وربة	', 1, 'KWD'),
(157, 2, 'كويت ت	', 1, 'KWD'),
(158, 2, 'خليج ت	', 1, 'KWD'),
(159, 2, 'اهلية ت	', 1, 'KWD'),
(160, 2, 'وربة', 1, 'KWD'),
(161, 2, 'الاعادة', 1, 'KWD'),
(162, 2, 'أولى تكافل	', 1, 'KWD'),
(163, 2, 'وثاق', 1, 'KWD'),
(164, 2, 'ب ك تأمين	', 1, 'KWD'),
(165, 2, 'صكوك', 1, 'KWD'),
(166, 2, 'عقارات ك	', 1, 'KWD'),
(167, 2, 'متحدة', 1, 'KWD'),
(168, 2, 'وطنية', 1, 'KWD'),
(169, 2, 'صالحية', 1, 'KWD'),
(170, 2, 'لؤلؤة', 1, 'KWD'),
(171, 2, 'تمدين ع	', 1, 'KWD'),
(172, 2, 'اجيال', 1, 'KWD'),
(173, 2, 'المصالح ع	', 1, 'KWD'),
(174, 2, 'ع عقارية	', 1, 'KWD'),
(175, 2, 'الاتحاد ع	', 1, 'KWD'),
(176, 2, 'الإنماء', 1, 'KWD'),
(177, 2, 'المباني', 1, 'KWD'),
(178, 2, 'إنجازات', 1, 'KWD'),
(179, 2, 'المستثمرون', 1, 'KWD'),
(180, 2, 'المنتجعات	', 1, 'KWD'),
(181, 2, 'التجارية', 1, 'KWD'),
(182, 2, 'سنام', 1, 'KWD'),
(183, 2, 'أعيان ع	', 1, 'KWD'),
(184, 2, 'عقار', 1, 'KWD'),
(185, 2, 'العقارية', 1, 'KWD'),
(186, 2, 'مزايا', 1, 'KWD'),
(187, 2, 'أدنك', 1, 'KWD'),
(188, 2, 'الثمار', 1, 'KWD'),
(189, 2, 'تجارة', 1, 'KWD'),
(190, 2, 'التعمير', 1, 'KWD'),
(191, 2, 'أركان', 1, 'KWD'),
(192, 2, 'أرجان', 1, 'KWD'),
(193, 2, 'أبيار', 1, 'KWD'),
(194, 2, 'منشات', 1, 'KWD'),
(195, 2, 'دبي الاولى	', 1, 'KWD'),
(196, 2, 'م الأعمال	', 1, 'KWD'),
(197, 2, 'ريم', 1, 'KWD'),
(198, 2, 'مينا', 1, 'KWD'),
(199, 2, 'المدن', 1, 'KWD'),
(200, 2, 'مراكز', 1, 'KWD'),
(201, 2, 'رمال', 1, 'KWD'),
(202, 2, 'مشاعر', 1, 'KWD'),
(203, 2, 'كويتية', 1, 'KWD'),
(204, 2, 'كويتية', 1, 'KWD'),
(205, 2, 'تسهيلات', 1, 'KWD'),
(206, 2, 'ايفا', 1, 'KWD'),
(207, 2, 'استثمارات', 1, 'KWD'),
(208, 2, 'مشاريع', 1, 'KWD'),
(209, 2, 'ساحل', 1, 'KWD'),
(210, 2, 'البيت', 1, 'KWD'),
(211, 2, 'م الأوراق	', 1, 'KWD'),
(212, 2, 'أرزان', 1, 'KWD'),
(213, 2, 'المركز', 1, 'KWD'),
(214, 2, 'كميفك', 1, 'KWD'),
(215, 2, 'الأمان', 1, 'KWD'),
(216, 2, 'الأولى	', 1, 'KWD'),
(217, 2, 'المال', 1, 'KWD'),
(218, 2, 'الخليجي	', 1, 'KWD'),
(219, 2, 'أعيان', 1, 'KWD'),
(220, 2, 'بيان', 1, 'KWD'),
(221, 2, 'أصول', 1, 'KWD'),
(222, 2, 'كفيك', 1, 'KWD'),
(223, 2, 'كامكو', 1, 'KWD'),
(224, 2, 'وطنية د ق	', 1, 'KWD'),
(225, 2, 'إسكان', 1, 'KWD'),
(226, 2, 'مدار', 1, 'KWD'),
(227, 2, 'الديره', 1, 'KWD'),
(228, 2, 'السلام', 1, 'KWD'),
(229, 2, 'اكتتاب', 1, 'KWD'),
(230, 2, 'قرين قابضة	', 1, 'KWD'),
(231, 2, 'المدينة', 1, 'KWD'),
(232, 2, 'نور', 1, 'KWD'),
(233, 2, 'تمدين أ	', 1, 'KWD'),
(234, 2, 'صيرفة', 1, 'KWD'),
(235, 2, 'طيبة', 1, 'KWD'),
(236, 2, 'طيبة', 1, 'KWD'),
(237, 2, 'السورية', 1, 'KWD'),
(238, 2, 'استراتيجيا', 1, 'KWD'),
(239, 2, 'الصينية', 1, 'KWD'),
(240, 2, 'منافع', 1, 'KWD'),
(241, 2, 'المغاربية', 1, 'KWD'),
(242, 2, 'اموال', 1, 'KWD'),
(243, 2, 'الامتياز', 1, 'KWD'),
(244, 2, 'منازل', 1, 'KWD'),
(245, 2, 'صناعات', 1, 'KWD'),
(246, 2, 'ص متحدة	', 1, 'KWD'),
(247, 2, 'بوبيان د ق	', 1, 'KWD'),
(248, 2, 'عربي قابضة	', 1, 'KWD'),
(249, 2, 'التخصيص', 1, 'KWD'),
(250, 2, 'تحصيلات', 1, 'KWD'),
(251, 2, 'جيران ق	', 1, 'KWD'),
(252, 2, 'قابضة م ك	', 1, 'KWD'),
(253, 2, 'تمويل خليج	', 1, 'KWD'),
(254, 2, 'إنوفست', 1, 'KWD'),
(255, 2, 'الأنظمة', 1, 'KWD'),
(256, 2, 'صافتك', 1, 'KWD'),
(257, 2, 'المستقبل', 1, 'KWD'),
(258, 2, 'حيات كوم	', 1, 'KWD'),
(259, 2, 'بريق قابضة	', 1, 'KWD'),
(260, 2, 'آفاق', 1, 'KWD'),
(261, 2, 'الشامل', 1, 'KWD'),
(262, 2, 'صفاة عقار	', 1, 'KWD'),
(263, 2, 'اجوان', 1, 'KWD'),
(264, 2, 'المساكن', 1, 'KWD'),
(265, 2, 'دلقان', 1, 'KWD'),
(266, 2, 'العيد', 1, 'KWD'),
(267, 2, 'ميدان', 1, 'KWD'),
(268, 2, 'فلكس', 1, 'KWD'),
(269, 2, 'ثريا', 1, 'KWD'),
(270, 2, 'عيادة ك	', 1, 'KWD'),
(271, 2, 'عمار', 1, 'KWD'),
(272, 5, 'سامبا', 1, 'SAR'),
(273, 5, 'السعودي الفرنسي	', 1, 'SAR'),
(274, 5, 'سعودي هولندي	', 1, 'SAR'),
(275, 5, 'بنك الجزيرة	', 1, 'SAR'),
(276, 5, 'بنك الرياض	', 1, 'SAR'),
(277, 5, 'ساب	', 1, 'SAR'),
(278, 5, 'العربي الوطني	', 1, 'SAR'),
(279, 5, 'مصرف الراجحي	', 1, 'SAR'),
(280, 5, 'سيسكو	', 1, 'SAR'),
(281, 5, 'ساركو	', 1, 'SAR'),
(282, 5, 'زجاج	', 1, 'SAR'),
(283, 5, 'نادك	', 1, 'SAR'),
(284, 5, 'جاكو	', 1, 'SAR'),
(285, 5, 'تبوك الزراعية	', 1, 'SAR'),
(286, 5, 'شراكو	', 1, 'SAR'),
(287, 5, 'أميانتيت	', 1, 'SAR'),
(288, 5, 'أسمنت العربية	', 1, 'SAR'),
(289, 5, 'اسمنت اليمامة	', 1, 'SAR'),
(290, 5, 'اللجين	', 1, 'SAR'),
(291, 5, 'أسمنت السعودية	', 1, 'SAR'),
(292, 5, 'اسمنت القصيم	', 1, 'SAR'),
(293, 5, 'اسمنت الجنوب	', 1, 'SAR'),
(294, 5, 'أسمنت ينبع	', 1, 'SAR'),
(295, 5, 'أسمنت الشرقية	', 1, 'SAR'),
(296, 5, 'أسمنت تبوك	', 1, 'SAR'),
(297, 5, 'فيبكو	', 1, 'SAR'),
(298, 5, 'سافكو	', 1, 'SAR'),
(299, 5, 'أنابيب	', 1, 'SAR'),
(300, 5, 'الزامل للصناعة	', 1, 'SAR'),
(301, 5, 'نماء للكيماويات	', 1, 'SAR'),
(302, 5, 'معدنية	', 1, 'SAR'),
(303, 5, 'الجبس الأهلية	', 1, 'SAR'),
(304, 5, 'مجموعة السعودية	', 1, 'SAR'),
(305, 5, 'الكيميائية	', 1, 'SAR'),
(306, 5, 'الخزف السعودي	', 1, 'SAR'),
(307, 5, 'صافولا	', 1, 'SAR'),
(308, 5, 'التصنيع	', 1, 'SAR'),
(309, 5, 'سبيماكو الدوائية	', 1, 'SAR'),
(310, 5, 'الأحساء للتنمية	', 1, 'SAR'),
(311, 5, 'المتطورة	', 1, 'SAR'),
(312, 5, 'الكابلات	', 1, 'SAR'),
(313, 5, 'وفرة	', 1, 'SAR'),
(314, 5, 'الغاز الأهلية	', 1, 'SAR'),
(315, 5, 'العقارية	', 1, 'SAR'),
(316, 5, 'البحري	', 1, 'SAR'),
(317, 5, 'سابتكو	', 1, 'SAR'),
(318, 5, 'ساسكو	', 1, 'SAR'),
(319, 5, 'أنعام القابضة	', 1, 'SAR'),
(320, 5, 'تهامة	', 1, 'SAR'),
(321, 5, 'عسير	', 1, 'SAR'),
(322, 5, 'طيبة	', 1, 'SAR'),
(323, 5, 'مكة للإنشاء	', 1, 'SAR'),
(324, 5, 'السعودية للنقل والاستثمار مبرد	', 1, 'SAR'),
(325, 5, 'الباحة	', 1, 'SAR'),
(326, 5, 'الصادرات	', 1, 'SAR'),
(327, 5, 'الرياض للتعمير	', 1, 'SAR'),
(328, 5, 'ثمار	', 1, 'SAR'),
(329, 5, 'شمس	', 1, 'SAR'),
(330, 5, 'فتيحي	', 1, 'SAR'),
(331, 5, 'جرير	', 1, 'SAR'),
(332, 5, 'كهرباء السعودية	', 1, 'SAR'),
(333, 5, 'الاتصالات السعودية	', 1, 'SAR'),
(334, 5, 'الأسماك	', 1, 'SAR'),
(335, 5, 'الشرقية للتنمية	', 1, 'SAR'),
(336, 5, 'الجوف الزراعية	', 1, 'SAR'),
(337, 5, 'جازادكو	', 1, 'SAR'),
(338, 5, 'الاستثمار	', 1, 'SAR'),
(339, 5, 'صدق	', 1, 'SAR'),
(340, 5, 'التعاونية	', 1, 'SAR'),
(341, 5, 'موبايلي	', 1, 'SAR'),
(342, 5, 'بنك البلاد	', 1, 'SAR'),
(343, 5, 'سدافكو	', 1, 'SAR'),
(344, 5, 'الصحراء	', 1, 'SAR'),
(345, 5, 'المراعي	', 1, 'SAR'),
(346, 5, 'ينساب	', 1, 'SAR'),
(347, 5, 'الدريس	', 1, 'SAR'),
(348, 5, 'الأبحاث والتسويق	', 1, 'SAR'),
(349, 5, 'صناعة الورق	', 1, 'SAR'),
(350, 5, 'سبكيم العالمية	', 1, 'SAR'),
(351, 5, 'إعمار المدينة الاقتصادية	', 1, 'SAR'),
(352, 5, 'فواز الحكير	', 1, 'SAR'),
(353, 5, 'المتقدمة	', 1, 'SAR'),
(354, 5, 'العبداللطيف	', 1, 'SAR'),
(355, 5, 'ميدغلف	', 1, 'SAR'),
(356, 5, 'وقاية	', 1, 'SAR'),
(357, 5, 'كيان السعودية	', 1, 'SAR'),
(358, 5, 'ملاذ للتأمين	', 1, 'SAR'),
(359, 5, 'ولاء للتأمين	', 1, 'SAR'),
(360, 5, 'الدرع العربي	', 1, 'SAR'),
(361, 5, 'ساب تكافل	', 1, 'SAR'),
(362, 5, 'أليانز إس إف	', 1, 'SAR'),
(363, 5, 'جبل عمر	', 1, 'SAR'),
(364, 5, 'سند	', 1, 'SAR'),
(365, 5, 'إتحاد الخليج	', 1, 'SAR'),
(366, 5, 'الأهلي للتكافل	', 1, 'SAR'),
(367, 5, 'سايكو	', 1, 'SAR'),
(368, 5, 'وفا للتأمين	', 1, 'SAR'),
(369, 5, 'الأهلية للتأمين	', 1, 'SAR'),
(370, 5, 'أسيج	', 1, 'SAR'),
(371, 5, 'الفخارية	', 1, 'SAR'),
(372, 5, 'طباعة وتغليف	', 1, 'SAR'),
(373, 5, 'سلامة	', 1, 'SAR'),
(374, 5, 'بدجت السعودية	', 1, 'SAR'),
(375, 5, 'المملكة القابضة	', 1, 'SAR'),
(376, 5, 'الاتحاد التجاري	', 1, 'SAR'),
(377, 5, 'الصقر للتأمين	', 1, 'SAR'),
(378, 5, 'التأمين العربية	', 1, 'SAR'),
(379, 5, 'الخليج للتدريب والتعليم	', 1, 'SAR'),
(380, 5, 'مسك	', 1, 'SAR'),
(381, 5, 'دار الأركان	', 1, 'SAR'),
(382, 5, 'بترورابغ	', 1, 'SAR'),
(383, 5, 'مصرف الإنماء	', 1, 'SAR'),
(384, 5, 'بوبا العربية	', 1, 'SAR'),
(385, 5, 'المتحدة للتأمين	', 1, 'SAR'),
(386, 5, 'الاعادة السعودية	', 1, 'SAR'),
(387, 5, 'الصناعات الكيميائية الأساسية	', 1, 'SAR'),
(388, 5, 'حلواني إخوان	', 1, 'SAR'),
(389, 5, 'أسواق ع العثيم	', 1, 'SAR'),
(390, 5, 'معادن	', 1, 'SAR'),
(391, 5, 'كيمانول	', 1, 'SAR'),
(392, 5, 'بتروكيم	', 1, 'SAR'),
(393, 5, 'مدينة المعرفة	', 1, 'SAR'),
(394, 5, 'هرفي للأغذية	', 1, 'SAR'),
(395, 5, 'أسمنت الجوف	', 1, 'SAR'),
(396, 5, 'سوليدرتي	', 1, 'SAR'),
(397, 5, 'أكسا التعاونية	', 1, 'SAR'),
(398, 5, 'أيس	', 1, 'SAR'),
(399, 5, 'تكافل الراجحي	', 1, 'SAR'),
(400, 5, 'بروج للتأمين	', 1, 'SAR'),
(401, 5, 'أنابيب السعودية	', 1, 'SAR'),
(402, 5, 'الخليجية العامة	', 1, 'SAR'),
(403, 5, 'العالمية	', 1, 'SAR'),
(404, 5, 'المواساة	', 1, 'SAR'),
(405, 5, 'شاكر	', 1, 'SAR'),
(406, 5, 'السريع	', 1, 'SAR'),
(407, 5, 'أمانة	', 1, 'SAR'),
(408, 5, 'الوطنية للتأمين	', 1, 'SAR'),
(409, 5, 'سابك	', 1, 'SAR'),
(410, 5, 'أسترا الصناعية	', 1, 'SAR'),
(411, 5, 'الخضري	', 1, 'SAR'),
(412, 5, 'زين السعودية	', 1, 'SAR'),
(413, 5, 'جو	', 1, 'SAR'),
(414, 5, 'أسمنت حائل	', 1, 'SAR'),
(415, 5, 'البابطين	', 1, 'SAR'),
(416, 5, 'البحر الأحمر لخدمات الإسكان	', 1, 'SAR'),
(417, 5, 'مجموعة المعجل	', 1, 'SAR'),
(418, 5, 'صندوق إتش إس بي سي أمانة السعودي 20 المتداول	', 1, 'SAR'),
(419, 5, 'عناية	', 1, 'SAR'),
(420, 5, 'تكوين	', 0, 'SAR'),
(421, 5, 'إكسترا	', 1, 'SAR'),
(422, 5, 'أسمنت نجران	', 1, 'SAR'),
(423, 5, 'رعاية	', 1, 'SAR'),
(425, 6, 'FGB', 1, 'AED'),
(426, 6, 'UNB', 1, 'AED'),
(427, 6, 'ADNIC', 1, 'AED'),
(428, 6, 'UNION', 1, 'AED'),
(429, 6, 'BOS', 1, 'AED'),
(430, 6, 'UIC', 1, 'AED'),
(431, 6, 'EIC', 1, 'AED'),
(432, 6, 'AKIC', 1, 'AED'),
(433, 6, 'DHAFRA', 1, 'AED'),
(434, 6, 'ETISALAT', 1, 'AED'),
(435, 6, 'AWNIC', 1, 'AED'),
(436, 6, 'RAPCO', 1, 'AED'),
(437, 6, 'BILDCO', 1, 'AED'),
(438, 6, 'ADSB', 1, 'AED'),
(439, 6, 'SUDATEL', 1, 'AED'),
(440, 6, 'ADCB', 1, 'AED'),
(441, 6, 'CBI', 1, 'AED'),
(442, 6, 'ADIB', 1, 'AED'),
(443, 6, 'TKFL', 1, 'AED'),
(444, 6, 'INVESTB', 1, 'AED'),
(445, 6, 'FH', 1, 'AED'),
(446, 6, 'NBF', 1, 'AED'),
(447, 6, 'NBQ', 1, 'AED'),
(448, 6, 'RAKBANK', 1, 'AED'),
(449, 6, 'UAB', 1, 'AED'),
(450, 6, 'RAKNIC', 1, 'AED'),
(451, 6, 'SICO', 1, 'AED'),
(452, 6, 'ASMAK	', 1, 'AED'),
(453, 6, 'ORDS', 1, 'AED'),
(454, 6, 'RAKPROP', 1, 'AED'),
(455, 6, 'DANA', 1, 'AED'),
(456, 6, 'AGTHIA', 1, 'AED'),
(457, 6, 'TAQA', 1, 'AED'),
(458, 6, 'ABNIC', 1, 'AED'),
(459, 6, 'AFNIC', 1, 'AED'),
(460, 6, 'GLS', 1, 'AED'),
(461, 6, 'METHAQ', 1, 'AED'),
(462, 6, 'GCIC', 1, 'AED'),
(463, 6, 'AAAIC', 1, 'AED'),
(464, 6, 'NBS', 1, 'AED'),
(465, 6, 'ADAVIATION', 1, 'AED'),
(466, 6, 'ADNH', 1, 'AED'),
(467, 6, 'DRIVE', 1, 'AED'),
(468, 6, 'GMPC', 1, 'AED'),
(469, 6, 'NCTH', 1, 'AED'),
(470, 6, 'NMDC', 1, 'AED'),
(471, 6, 'OEIHC', 1, 'AED'),
(472, 6, 'ARKAN', 1, 'AED'),
(473, 6, 'GCEM', 1, 'AED'),
(474, 6, 'JULPHAR', 1, 'AED'),
(475, 6, 'RAKCC', 1, 'AED'),
(476, 6, 'RAKCEC', 1, 'AED'),
(477, 6, 'RAKWCT', 1, 'AED'),
(478, 6, 'SCIDC', 1, 'AED'),
(479, 6, 'QCEM', 1, 'AED'),
(480, 6, 'UCC', 1, 'AED'),
(481, 6, 'IH', 1, 'AED'),
(482, 6, 'ESHRAQ', 1, 'AED'),
(483, 6, 'ALDAR', 1, 'AED'),
(484, 6, 'FCI', 1, 'AED'),
(485, 6, 'WATANIA', 1, 'AED'),
(486, 6, 'FBICO', 1, 'AED'),
(487, 6, 'OILC', 1, 'AED'),
(488, 6, 'NBAD', 1, 'AED'),
(489, 7, 'NBB', 1, 'BHD'),
(490, 7, 'BISB', 1, 'BHD'),
(491, 7, 'AHLIA', 1, 'BHD'),
(492, 7, 'BCFC', 1, 'BHD'),
(493, 7, 'CPARK', 1, 'BHD'),
(494, 7, 'AUB', 1, 'BHD'),
(495, 7, 'DUTYF', 1, 'BHD'),
(496, 7, 'TAKAFUL', 1, 'BHD'),
(497, 7, 'UGIC', 1, 'BHD'),
(498, 7, 'BFM', 1, 'BHD'),
(499, 7, 'ABC', 1, 'BHD'),
(500, 7, 'POLTRY', 1, 'BHD'),
(501, 7, 'TAIB', 1, 'BHD'),
(502, 7, 'FAMILY', 1, 'BHD'),
(503, 7, 'BTC', 1, 'BHD'),
(504, 7, 'BHOTEL', 1, 'BHD'),
(505, 7, 'BNH', 1, 'BHD'),
(506, 7, 'NHOTEL', 1, 'BHD'),
(507, 7, 'BASREC', 1, 'BHD'),
(508, 7, 'INVCORP', 1, 'BHD'),
(509, 7, 'TRAFCO', 1, 'BHD'),
(510, 7, 'CINEMA', 1, 'BHD'),
(511, 7, 'ESTERAD', 1, 'BHD'),
(512, 7, 'BKIC', 1, 'BHD'),
(513, 7, 'BATELCO', 1, 'BHD'),
(514, 7, 'NASS', 1, 'BHD'),
(515, 7, 'BANADER', 1, 'BHD'),
(516, 7, 'SALAM', 1, 'BHD'),
(517, 7, 'BARKA', 1, 'BHD'),
(518, 7, 'BBK', 1, 'BHD'),
(519, 7, 'SEEF', 1, 'BHD'),
(520, 7, 'KHCB', 1, 'BHD'),
(521, 7, 'BMMI', 1, 'BHD'),
(522, 7, 'GFH', 1, 'BHD'),
(523, 7, 'UGB', 1, 'BHD'),
(524, 7, 'ITHMR', 1, 'BHD'),
(525, 7, 'ARIG', 1, 'BHD'),
(526, 7, 'ALBH', 1, 'BHD'),
(527, 7, 'INOVEST', 1, 'BHD'),
(528, 7, 'BMB', 1, 'BHD'),
(529, 7, 'GMG', 1, 'BHD');

-- --------------------------------------------------------

--
-- Table structure for table `exchange_companies_translation`
--

CREATE TABLE IF NOT EXISTS `exchange_companies_translation` (
  `exchange_companies_id` int(11) NOT NULL,
  `company_name` varchar(100) CHARACTER SET utf8 NOT NULL,
  `content_lang` char(2) CHARACTER SET utf8 NOT NULL,
  PRIMARY KEY (`exchange_companies_id`)
) ENGINE=InnoDB DEFAULT CHARSET=latin1;

--
-- Dumping data for table `exchange_companies_translation`
--

INSERT INTO `exchange_companies_translation` (`exchange_companies_id`, `company_name`, `content_lang`) VALUES
(1, 'بالم هيلز', 'en'),
(2, 'طلعت مصطفى', 'en'),
(3, 'بايونيرز القابضة', 'en'),
(4, 'شركة الإمارات للاتصالات المتكاملة', 'en'),
(5, 'حديد عز', 'en'),
(6, 'جي تي اتش', 'en'),
(7, 'المصرية للاتصالات', 'en'),
(8, 'البنك التجاري الدولي', 'en'),
(9, 'هيرميس', 'en'),
(10, 'القلعة القابضة', 'en'),
(11, 'جهينة', 'en'),
(12, 'أموك', 'en'),
(13, 'السويدى اليكتريك', 'en'),
(14, 'اوراسكوم للاتصالات والاعلام والتكنولوجيا', 'en'),
(15, 'النساجون الشرقيون', 'en'),
(16, 'راية', 'en'),
(17, 'بيتومود', 'en'),
(18, 'سيدى كرير للبتروكيماويات', 'en'),
(19, 'المالية والصناعية المصرية', 'en'),
(20, 'ماريدايف', 'en'),
(21, 'بنك قطر الوطني الاهلي', 'en'),
(22, 'القاهرة للاسكان', 'en'),
(23, 'سوديك', 'en'),
(24, 'القابضة المصرية الكويتية', 'en'),
(25, 'المصرية للمنتجعات السياحية', 'en'),
(26, 'العربية للاستثمارات', 'en'),
(27, 'دلتا للانشاء والتعمير', 'en'),
(28, 'العربية لحليج الأقطان', 'en'),
(29, 'العقارية للبنوك الوطنية للتنمية', 'en'),
(30, 'عامر جروب', 'en'),
(31, 'شركة هيتس تيليكوم القابضة', 'en'),
(32, 'اكتتاب القابضة', 'en'),
(33, 'الخليجية للاستثمارات العامة', 'en'),
(34, 'دبي للإستثمار ش. م .ع', 'en'),
(35, 'سوق دبي المالي (ش.م.ع.)', 'en'),
(36, 'شركة الإستشارات المالية الدولية ش.م.ك.م', 'en'),
(37, 'شركة المدينة للتمويل والاستثمار', 'en'),
(38, 'شعاع كابيتال ش.م.ع.', 'en'),
(39, 'مجموعة السلام القابضة', 'en'),
(40, 'الامارات دبي الوطني ش.م.ع.', 'en'),
(41, 'بنك دبي الإسلامي', 'en'),
(42, 'بيت التمويل الخليجي ش.م.ب', 'en'),
(43, 'مصرف عجمان ش.م.ع.', 'en'),
(44, 'مصرف السلام - البحرين', 'en'),
(45, 'مصرف السلام السودان', 'en'),
(46, 'الشركة الإسلامية العربية للتأمين - سلامة', 'en'),
(47, 'تكافل الإمارات (ش م ع)', 'en'),
(48, 'دار التكافل', 'en'),
(49, 'دبي الإٍسلامية للتأمين وإعادة التأمين - أمان', 'en'),
(50, 'الشركة الوطنية للتبريد المركزي (تبريد)', 'en'),
(51, 'شركة الإسمنت الوطنية (ش.م.ع.)', 'en'),
(52, 'مجموعة الصناعات الوطنية القابضة (ش.م.ك.)', 'en'),
(53, 'إعمار العقارية (ش.م.ع)', 'en'),
(54, 'ارابتك القابضة ش.م.ع', 'en'),
(55, 'الاتحاد العقارية (ش.م.ع.)', 'en'),
(56, 'دريك آند سكل إنترناشيونال ش.م.ع', 'en'),
(57, 'شركة ديار للتطوير ش.م.ع.', 'en'),
(58, 'العربية للطيران ش.م.ع.', 'en'),
(59, 'شركة أرامكس ش م ع', 'en'),
(60, 'شركة الخليج للملاحة القابضة ش.م.ع.', 'en'),
(61, 'موانئ دبي العالمية', 'en'),
(62, 'شركة المقاولات و الخدمات البحرية', 'en'),
(63, 'شركة ايكاروس للصناعات النفطية', 'en'),
(64, 'شركة الصفاة للطاقة القابضة', 'en'),
(65, 'شركة المجموعة البترولية المستقلة', 'en'),
(66, 'الشركة الوطنية للخدمات البترولية', 'en'),
(67, 'شركة بيت الطاقة القابضة', 'en'),
(68, 'الخليجية للإستثمار البترولي', 'en'),
(69, 'شركة برقان لحفر الآبار', 'en'),
(70, 'الشركة الكويتية لصناعات الأنابيب والخدمات الن', 'en'),
(71, 'شركة السكب الكويتية', 'en'),
(72, 'شركة بوبيان للبتروكيماويات', 'en'),
(73, 'شركة الكوت للمشاريع الصناعية', 'en'),
(74, 'شركة القرين لصناعة الكيماويات البترولية', 'en'),
(75, 'شركة مجموعة الخصوصية القابضة	', 'en'),
(76, 'شركة أسمنت الكويت', 'en'),
(77, 'شركة صناعات التبريد والتخزين', 'en'),
(78, 'شركة الخليج للكابلات و الصناعات الكهربائية', 'en'),
(79, 'شركة الصناعات الهندسية الثقيلة وبناء السفن', 'en'),
(80, 'شركة أسمنت بورتلاند كويت', 'en'),
(81, 'شركة الشعيبة الصناعية', 'en'),
(82, 'شركة المعادن والصناعات التحويلية', 'en'),
(83, 'شركة أسيكو للصناعات', 'en'),
(84, 'شركة الخليج لصناعة الزجاج', 'en'),
(85, 'شركة اسمنت الهلال', 'en'),
(86, 'الشركة الكويتية لصناعة مواد التغليف', 'en'),
(87, 'الشركة الكويتية لصناعة مواد البناء	', 'en'),
(88, 'شركة الصناعات الوطنية	', 'en'),
(89, 'شركة المعدات القابضة	', 'en'),
(90, 'الشركة الوطنية الاستهلاكية القابضة', 'en'),
(91, 'الشركة الكويتية لصناعة وتجارة الجبس', 'en'),
(92, 'شركة الصلبوخ التجارية', 'en'),
(93, 'شركة أجيليتي للمخازن العمومية', 'en'),
(94, 'المجموعة التعليمية القابضة', 'en'),
(95, 'الشركة الوطنية للتنظيف', 'en'),
(96, 'شركة سيتي جروب	', 'en'),
(97, 'شركة رابطة الكويت والخليج للنقل	', 'en'),
(98, 'شركة رابطة الكويت والخليج للنقل	', 'en'),
(99, 'الشركة الكويتية لبناء المعامل والمقاولات	', 'en'),
(100, 'شركة هيومن سوفت القابضة	', 'en'),
(101, 'شركة نفائس القابضة	', 'en'),
(102, 'شركة صفوان للتجارة والمقاولات	', 'en'),
(103, 'شركة الامتيازات الخليجية القابضة	', 'en'),
(104, 'الشركة الوطنية للميادين	', 'en'),
(105, 'شركة المجموعة المشتركة للمقاولات	', 'en'),
(106, 'شركة مشرف للتجارة والمقاولات	', 'en'),
(107, 'شركة المشاريع المتحدة للخدمات الجوية	', 'en'),
(108, 'شركة ألافكو لتمويل شراء وتاجير الطائرات	', 'en'),
(109, 'شركة مبرد للنقل	', 'en'),
(110, 'شركة كي جي ال لوجستيك	', 'en'),
(111, 'شركة الشارقة للأسمنت و التنمية الصناعية (ش.م.', 'en'),
(112, 'شركة أسمنت الخليج (ش.م.ع)	', 'en'),
(113, 'شركة صناعات أسمنت أم القيوين (ش.م.ع)	', 'en'),
(114, 'شركة صناعات أسمنت الفجيرة (ش.م.ع)	', 'en'),
(115, 'شركة راس الخيمة لصناعة الأسمنت والمواد الانشا', 'en'),
(116, 'الشركة الكويتية للمسالخ	', 'en'),
(117, 'الشركة الوطنية للمسالخ	', 'en'),
(118, 'شركة النخيل للانتاج الزراعي	', 'en'),
(119, 'شركة نقل و تجارة المواشي', 'en'),
(120, 'شركة دانة الصفاة الغذائية	', 'en'),
(121, 'الشركة الكويتية المتحدة للدواجن	', 'en'),
(122, 'الشركة الكويتية للأغذية	', 'en'),
(123, 'شركة المواساة للرعاية الصحية	', 'en'),
(124, 'شركة التقدم التكنولوجي	', 'en'),
(125, 'شركة ياكو الطبية	', 'en'),
(126, 'شركة السينما الكويتية الوطنية	', 'en'),
(127, 'شركة الفنادق الكويتية	', 'en'),
(128, 'شركة مركز سلطان للمواد الغذائية	', 'en'),
(129, 'الشركة الكويتية للكيبل التلفزيوني	', 'en'),
(130, 'شركة إياس للتعليم الاكاديمي والتقني	', 'en'),
(131, 'شركة ايفا للفنادق والمنتجعات	', 'en'),
(132, 'الشركة الأولى للتسويق المحلي للوقود	', 'en'),
(133, 'الشركة الكويتية للمنتزهات	', 'en'),
(134, 'شركة طيران الجزيرة	', 'en'),
(135, 'شركة السور لتسويق الوقود	', 'en'),
(136, 'شركة طفل المستقبل الترفيهية العقارية	', 'en'),
(137, 'شركة النوادي القابضة	', 'en'),
(138, 'شركة مجموعة الراي الاعلامية	', 'en'),
(139, 'شركة زيما القابضة	', 'en'),
(140, 'شركة المجموعة المتحدة للصناعات الغذائية	', 'en'),
(141, 'مجموعة كوت الغذائية	', 'en'),
(142, 'شركة الاتصالات المتنقلة	', 'en'),
(143, 'الشركة الوطنية للإتصالات المتنقلة	', 'en'),
(144, 'شركة هيتس تيليكوم القابضة	', 'en'),
(145, 'بنك الكويت الوطني	', 'en'),
(146, 'بنك الخليج	', 'en'),
(147, 'البنك التجاري الكويتي	', 'en'),
(148, 'البنك الأهلي الكويتي	', 'en'),
(149, 'البنك الاهلي المتحد	', 'en'),
(150, 'بنك الكويت الدولي	', 'en'),
(151, 'بنك برقان	', 'en'),
(152, 'بيت التمويل الكويتي	', 'en'),
(153, 'بنك بوبيان	', 'en'),
(154, 'البنك الأهلي المتحد (ش.م.ب)	', 'en'),
(155, 'بنك الإثمار (ش.م.ب)	', 'en'),
(156, 'بنك وربة	', 'en'),
(157, 'شركة الكويت للتأمين	', 'en'),
(158, 'مجموعة الخليج للتامين	', 'en'),
(159, 'الشركة الأهلية للتأمين	', 'en'),
(160, 'شركة وربة للتأمين	', 'en'),
(161, 'شركة إعادة التأمين الكويتية	', 'en'),
(162, 'الشركة الأولي للتأمين التكافلي	', 'en'),
(163, 'شركة وثاق للتأمين التكافلي	', 'en'),
(164, 'الشركة البحرينية الكويتية للتأمين(ش.م.ب)	', 'en'),
(165, 'شركة صكوك القابضة	', 'en'),
(166, 'شركة عقارات الكويت	', 'en'),
(167, 'شركة العقارات المتحدة	', 'en'),
(168, 'الشركة الوطنية العقارية	', 'en'),
(169, 'شركة الصالحية العقارية	', 'en'),
(170, 'شركة لؤلؤة الكويت العقارية	', 'en'),
(171, 'شركة التمدين العقارية	', 'en'),
(172, 'شركة أجيال العقارية الترفيهية	', 'en'),
(173, 'شركة المصالح العقاريه	', 'en'),
(174, 'الشركة العربية العقارية	', 'en'),
(175, 'شركة الاتحاد العقارية	', 'en'),
(176, 'شركة الإنمــاء العقارية	', 'en'),
(177, 'شركة المباني	', 'en'),
(178, 'شركة إنجازات للتنمية العقاريه‏	', 'en'),
(179, 'شركة مجموعة المستثمرون القابضة	', 'en'),
(180, 'الشركة الدولية للمنتجعات	', 'en'),
(181, 'الشركة التجارية العقارية	', 'en'),
(182, 'شركة سنام العقارية	', 'en'),
(183, 'شركة أعيان العقارية	', 'en'),
(184, 'شركة عقار للاستثمارات العقارية	', 'en'),
(185, 'الشركة الكويتية العقارية القابضة	', 'en'),
(186, 'شركة المزايا القابضة	', 'en'),
(187, 'شركة الدار الوطنية للعقارات	', 'en'),
(188, 'شركة الثمار الدولية القابضة	', 'en'),
(189, 'شركة التجارة والاستثمار العقاري	', 'en'),
(190, 'شركة التعمير للإستثمار العقاري	', 'en'),
(191, 'شركة أركان الكويت العقارية	', 'en'),
(192, 'شركة الأرجان العالمية العقارية	', 'en'),
(193, 'شركة أبيار للتطوير العقاري	', 'en'),
(194, 'شركة منشات للمشاريع العقارية	', 'en'),
(195, 'شركة دبي الأولى للتطوير العقاري	', 'en'),
(196, 'شركة مدينة الاعمال الكويتية العقارية	', 'en'),
(197, 'شركة ادارة الاملاك العقارية - ريم	', 'en'),
(198, 'شركة مينا العقارية	', 'en'),
(199, 'الشركة العالمية للمدن العقارية	', 'en'),
(200, 'شركة مراكز التجارة العقارية	', 'en'),
(201, 'شركة رمال الكويت العقارية	', 'en'),
(202, 'شركة مشاعر القابضة	', 'en'),
(203, 'الشركة الكويتية للاستثمار	', 'en'),
(204, 'الشركة الكويتية للاستثمار	', 'en'),
(205, 'شركة التسهيلات التجارية	', 'en'),
(206, 'شركة الاستشارات المالية الدولية	', 'en'),
(207, 'شركة الاستثمارات الوطنية	', 'en'),
(208, 'شركة مشاريع الكويت القابضة	', 'en'),
(209, 'شركة الساحل للتنمية و الاستثمار	', 'en'),
(210, 'شركة بيت الأوراق المالية	', 'en'),
(211, 'شركة مجموعة الأوراق المالية	', 'en'),
(212, 'مجموعة أرزان الماليه للتمويل و الاستثمار	', 'en'),
(213, 'المركز المالي الكويتي	', 'en'),
(214, 'شركة الكويت و الشرق الأوسط للاستثمار المالي	', 'en'),
(215, 'شركة الأمان للاستثمار	', 'en'),
(216, 'الشركة الأولى للاستثمار	', 'en'),
(217, 'شركة المال للاستثمار	', 'en'),
(218, 'شركة بيت الاستثمار الخليجي	', 'en'),
(219, 'شركة أعيان للاجارة والاستثمار	', 'en'),
(220, 'شركة بيان للإستثمار	', 'en'),
(221, 'شركة أصول للاستثمار	', 'en'),
(222, 'الشركة الكويتية للتمويل والاستثمار	', 'en'),
(223, 'شركة مشاريع الكويت الاستثمارية لإدارة الاصول	', 'en'),
(224, 'الشركة الوطنية الدولية القابضة	', 'en'),
(225, 'شركة تمويل الإسكان	', 'en'),
(226, 'شركة المدار للتمويل والاستثمار	', 'en'),
(227, 'شركة الديرة القابضة	', 'en'),
(228, 'شركة مجموعة السلام القابضة	', 'en'),
(229, 'شركة اكتتاب القابضة	', 'en'),
(230, 'شركة القرين القابضة	', 'en'),
(231, 'شركة المدينة للتمويل والاستثمار	', 'en'),
(232, 'شركة نور للاستثمار المالي	', 'en'),
(233, 'شركة التمدين الاستثمارية	', 'en'),
(234, 'الشركة الكويتية البحرينية للصيرفة الدولية	', 'en'),
(235, 'شركة طيبة الكويتية القابضة	', 'en'),
(236, 'شركة طيبة الكويتية القابضة	', 'en'),
(237, 'الشركة الكويتية السورية القابضة	', 'en'),
(238, 'شركة استراتيجيا للإستثمار	', 'en'),
(239, 'الشركة الكويتية الصينية الاستثمارية	', 'en'),
(240, 'شركة منافع للإستثمار	', 'en'),
(241, 'الشركة الخليجية المغاربية القابضة	', 'en'),
(242, 'شركة أموال الدولية للاستثمار	', 'en'),
(243, 'شركة مجموعة الامتياز الاستثمارية	', 'en'),
(244, 'شركة منازل القابضة	', 'en'),
(245, 'مجموعة الصناعات الوطنية (القابضة)‏	', 'en'),
(246, 'شركة الصناعات المتحدة	', 'en'),
(247, 'شركة صناعات بوبيان الدولية القابضة	', 'en'),
(248, 'شركة مجموعة عربي القابضة	', 'en'),
(249, 'شركة التخصيص القابضة	', 'en'),
(250, 'شركة تصنيف وتحصيل الأموال	', 'en'),
(251, 'شركة جيران القابضة	', 'en'),
(252, 'الشركة القابضة المصرية الكويتية (ش.م.مصرية)	', 'en'),
(253, 'بيت التمويل الخليجى (ش م ب)	', 'en'),
(254, 'شركة إنوفست (ش.م.ب)	', 'en'),
(255, 'شركة الأنظمة الآلية	', 'en'),
(256, 'شركة الصفاة تك القابضة	', 'en'),
(257, 'شركة المستقبل العالمية للاتصالات	', 'en'),
(258, 'شركة حيات للإتصالات	', 'en'),
(259, 'شركة البريق القابضة	', 'en'),
(260, 'شركة آفاق للخدمات التربوية	', 'en'),
(261, 'شركة الشامل الدولية القابضة	', 'en'),
(262, 'شركة الصفاة العقارية	', 'en'),
(263, 'شركة اجوان الخليج العقارية	', 'en'),
(264, 'شركة المساكن الدولية للتطوير العقاري	', 'en'),
(265, 'شركة دلقان العقارية	', 'en'),
(266, 'شركة العيد للاغذية	', 'en'),
(267, 'شركة عيادة الميدان لخدمات طب الأسنان	', 'en'),
(268, 'شركة فلكس ريزورتس للمنتجعات والعقارات	', 'en'),
(269, 'شركة دار الثريا العقارية	', 'en'),
(270, 'الشركة الكويتية للخدمات الطبية	', 'en'),
(271, 'شركة عمار للتمويل والاجارة	', 'en'),
(272, 'سامبا', 'en'),
(273, 'السعودي الفرنسي	', 'en'),
(274, 'سعودي هولندي	', 'en'),
(275, 'بنك الجزيرة	', 'en'),
(276, 'بنك الرياض	', 'en'),
(277, 'ساب	', 'en'),
(278, 'العربي الوطني	', 'en'),
(279, 'مصرف الراجحي	', 'en'),
(280, 'سيسكو	', 'en'),
(281, 'ساركو	', 'en'),
(282, 'زجاج	', 'en'),
(283, 'نادك	', 'en'),
(284, 'جاكو	', 'en'),
(285, 'تبوك الزراعية	', 'en'),
(286, 'شراكو	', 'en'),
(287, 'أميانتيت	', 'en'),
(288, 'أسمنت العربية	', 'en'),
(289, 'اسمنت اليمامة	', 'en'),
(290, 'اللجين	', 'en'),
(291, 'أسمنت السعودية	', 'en'),
(292, 'اسمنت القصيم	', 'en'),
(293, 'اسمنت الجنوب	', 'en'),
(294, 'أسمنت ينبع	', 'en'),
(295, 'أسمنت الشرقية	', 'en'),
(296, 'أسمنت تبوك	', 'en'),
(297, 'فيبكو	', 'en'),
(298, 'سافكو	', 'en'),
(299, 'أنابيب	', 'en'),
(300, 'الزامل للصناعة	', 'en'),
(301, 'نماء للكيماويات	', 'en'),
(302, 'معدنية	', 'en'),
(303, 'الجبس الأهلية	', 'en'),
(304, 'مجموعة السعودية	', 'en'),
(305, 'الكيميائية	', 'en'),
(306, 'الخزف السعودي	', 'en'),
(307, 'صافولا	', 'en'),
(308, 'التصنيع	', 'en'),
(309, 'سبيماكو الدوائية	', 'en'),
(310, 'الأحساء للتنمية	', 'en'),
(311, 'المتطورة	', 'en'),
(312, 'الكابلات	', 'en'),
(313, 'وفرة	', 'en'),
(314, 'الغاز الأهلية	', 'en'),
(315, 'العقارية	', 'en'),
(316, 'البحري	', 'en'),
(317, 'سابتكو	', 'en'),
(318, 'ساسكو	', 'en'),
(319, 'أنعام القابضة	', 'en'),
(320, 'تهامة	', 'en'),
(321, 'عسير	', 'en'),
(322, 'طيبة	', 'en'),
(323, 'مكة للإنشاء	', 'en'),
(324, 'السعودية للنقل والاستثمار مبرد	', 'en'),
(325, 'الباحة	', 'en'),
(326, 'الصادرات	', 'en'),
(327, 'الرياض للتعمير	', 'en'),
(328, 'ثمار	', 'en'),
(329, 'شمس	', 'en'),
(330, 'فتيحي	', 'en'),
(331, 'جرير	', 'en'),
(332, 'كهرباء السعودية	', 'en'),
(333, 'الاتصالات السعودية	', 'en'),
(334, 'الأسماك	', 'en'),
(335, 'الشرقية للتنمية	', 'en'),
(336, 'الجوف الزراعية	', 'en'),
(337, 'جازادكو	', 'en'),
(338, 'الاستثمار	', 'en'),
(339, 'صدق	', 'en'),
(340, 'التعاونية	', 'en'),
(341, 'موبايلي	', 'en'),
(342, 'بنك البلاد	', 'en'),
(343, 'سدافكو	', 'en'),
(344, 'الصحراء	', 'en'),
(345, 'المراعي	', 'en'),
(346, 'ينساب	', 'en'),
(347, 'الدريس	', 'en'),
(348, 'الأبحاث والتسويق	', 'en'),
(349, 'صناعة الورق	', 'en'),
(350, 'سبكيم العالمية	', 'en'),
(351, 'إعمار المدينة الاقتصادية	', 'en'),
(352, 'فواز الحكير	', 'en'),
(353, 'المتقدمة	', 'en'),
(354, 'العبداللطيف	', 'en'),
(355, 'ميدغلف	', 'en'),
(356, 'وقاية	', 'en'),
(357, 'كيان السعودية	', 'en'),
(358, 'ملاذ للتأمين	', 'en'),
(359, 'ولاء للتأمين	', 'en'),
(360, 'الدرع العربي	', 'en'),
(361, 'ساب تكافل	', 'en'),
(362, 'أليانز إس إف	', 'en'),
(363, 'جبل عمر	', 'en'),
(364, 'سند	', 'en'),
(365, 'إتحاد الخليج	', 'en'),
(366, 'الأهلي للتكافل	', 'en'),
(367, 'سايكو	', 'en'),
(368, 'وفا للتأمين	', 'en'),
(369, 'الأهلية للتأمين	', 'en'),
(370, 'أسيج	', 'en'),
(371, 'الفخارية	', 'en'),
(372, 'طباعة وتغليف	', 'en'),
(373, 'سلامة	', 'en'),
(374, 'بدجت السعودية	', 'en'),
(375, 'المملكة القابضة	', 'en'),
(376, 'الاتحاد التجاري	', 'en'),
(377, 'الصقر للتأمين	', 'en'),
(378, 'التأمين العربية	', 'en'),
(379, 'الخليج للتدريب والتعليم	', 'en'),
(380, 'مسك	', 'en'),
(381, 'دار الأركان	', 'en'),
(382, 'بترورابغ	', 'en'),
(383, 'مصرف الإنماء	', 'en'),
(384, 'بوبا العربية	', 'en'),
(385, 'المتحدة للتأمين	', 'en'),
(386, 'الاعادة السعودية	', 'en'),
(387, 'الصناعات الكيميائية الأساسية	', 'en'),
(388, 'حلواني إخوان	', 'en'),
(389, 'أسواق ع العثيم	', 'en'),
(390, 'معادن	', 'en'),
(391, 'كيمانول	', 'en'),
(392, 'بتروكيم	', 'en'),
(393, 'مدينة المعرفة	', 'en'),
(394, 'هرفي للأغذية	', 'en'),
(395, 'أسمنت الجوف	', 'en'),
(396, 'سوليدرتي	', 'en'),
(397, 'أكسا التعاونية	', 'en'),
(398, 'أيس	', 'en'),
(399, 'تكافل الراجحي	', 'en'),
(400, 'بروج للتأمين	', 'en'),
(401, 'أنابيب السعودية	', 'en'),
(402, 'الخليجية العامة	', 'en'),
(403, 'العالمية	', 'en'),
(404, 'المواساة	', 'en'),
(405, 'شاكر	', 'en'),
(406, 'السريع	', 'en'),
(407, 'أمانة	', 'en'),
(408, 'الوطنية للتأمين	', 'en'),
(409, 'سابك	', 'en'),
(410, 'أسترا الصناعية	', 'en'),
(411, 'الخضري	', 'en'),
(412, 'زين السعودية	', 'en'),
(413, 'جو	', 'en'),
(414, 'أسمنت حائل	', 'en'),
(415, 'البابطين	', 'en'),
(416, 'البحر الأحمر لخدمات الإسكان	', 'en'),
(417, 'مجموعة المعجل	', 'en'),
(418, 'صندوق إتش إس بي سي أمانة السعودي 20 المتداول	', 'en'),
(419, 'عناية	', 'en'),
(420, 'تكوين	', 'en'),
(421, 'إكسترا	', 'en'),
(422, 'أسمنت نجران	', 'en'),
(423, 'رعاية	', 'en'),
(425, 'بنك الخليج الأول	', 'en'),
(426, 'الاتحاد الوطني	', 'en'),
(427, 'أبوظبي الوطنية للتأمين	', 'en'),
(428, 'الاتحاد للتأمين	', 'en'),
(429, 'بنك الشارقة	', 'en'),
(430, 'التأمين المتحدة	', 'en'),
(431, 'الإمارات للتأمين	', 'en'),
(432, 'الخزنة للتأمين	', 'en'),
(433, 'الظفرة للتأمين	', 'en'),
(434, 'اتصالات	', 'en'),
(435, 'الوثبة الوطنية للتأمين	', 'en'),
(436, 'دواجن رأس الخيمة	', 'en'),
(437, 'بلدكو	', 'en'),
(438, 'أبوظبي لبناء السفن	', 'en'),
(439, 'سوداتل	', 'en'),
(440, 'أبو ظبي التجاري	', 'en'),
(441, 'التجاري الدولي	', 'en'),
(442, 'أبو ظبي الإسلامي	', 'en'),
(443, 'تكافل	', 'en'),
(444, 'بنك الاستثمار	', 'en'),
(445, 'دار التمويل	', 'en'),
(446, 'الفجيرة الوطني	', 'en'),
(447, 'بنك أم القيوين	', 'en'),
(448, 'بنك رأس الخيمة الوطني	', 'en'),
(449, 'البنك العربي المتحد	', 'en'),
(450, 'رأس الخيمة للتأمين	', 'en'),
(451, 'الشارقة للتأمين	', 'en'),
(452, 'أسماك	', 'en'),
(453, 'اتصالات قطر	', 'en'),
(454, 'رأس الخيمة العقارية	', 'en'),
(455, 'دانة غاز	', 'en'),
(456, 'أغذية	', 'en'),
(457, 'طاقة	', 'en'),
(458, 'البحيرة	', 'en'),
(459, 'الفجيرة للتأمين	', 'en'),
(460, 'الخليج للمواشى	', 'en'),
(461, 'ميثاق	', 'en'),
(462, 'الهلال الأخضر	', 'en'),
(463, 'العين للتأمين	', 'en'),
(464, 'مصرف الشارقة الإسلامي	', 'en'),
(465, 'طيران أبوظبي	', 'en'),
(466, 'أبوظبي الوطنية للفنادق	', 'en'),
(467, 'الإمارات لتعليم قيادة السيارات	', 'en'),
(468, 'الخليج للمشاريع الطبية	', 'en'),
(469, 'المؤسسة الوطنية للسياحة والفنادق', 'en'),
(470, 'الجرافات البحرية الوطنية	', 'en'),
(471, 'عمان والإمارات للاستثمار القابضة	', 'en'),
(472, 'أركان	', 'en'),
(473, 'أسمنت الخليج	', 'en'),
(474, 'جلفار	', 'en'),
(475, 'أسمنت رأس الخيمة	', 'en'),
(476, 'سيراميك رأس الخيمة	', 'en'),
(477, 'رأس الخيمة للإسمنت الأبيض	', 'en'),
(478, 'الشارقة للأسمنت والتنمية الصناعية	', 'en'),
(479, 'أسمنت أم القيوين	', 'en'),
(480, 'أسمنت الاتحاد	', 'en'),
(481, 'دار التأمين	', 'en'),
(482, 'إشراق	', 'en'),
(483, 'الدار العقارية	', 'en'),
(484, 'صناعات أسمنت الفجيرة	', 'en'),
(485, 'وطنية	', 'en'),
(486, 'الفجيرة لصناعات البناء	', 'en'),
(487, 'الواحة كابيتال	', 'en'),
(488, 'بنك أبوظبي الوطني	', 'en'),
(489, 'البحرين الوطني	', 'en'),
(490, 'البحرين الإسلامي	', 'en'),
(491, 'الأهلية للتأمين	', 'en'),
(492, 'البحرين للتسهيلات التجارية	', 'en'),
(493, 'البحرين لمواقف السيارات	', 'en'),
(494, 'الأهلي المتحد	', 'en'),
(495, 'مجمع البحرين للأسواق الحرة	', 'en'),
(496, 'التكافل الدولية	', 'en'),
(497, 'الخليج المتحدة للاستثمار	', 'en'),
(498, 'البحرين لمطاحن الدقيق	', 'en'),
(499, 'المؤسسة العربية المصرفية	', 'en'),
(500, 'دلمون للدواجن	', 'en'),
(501, 'طيب	', 'en'),
(502, 'البحرينية للترفيه العائلي	', 'en'),
(503, 'البحرين للسياحة	', 'en'),
(504, 'مجموعة فنادق الخليج	', 'en'),
(505, 'البحرين الوطنية القابضة	', 'en'),
(506, 'الفنادق الوطنية	', 'en'),
(507, 'البحرين لتصليح السفن و الهندسة	', 'en'),
(508, 'إنفستكورب	', 'en'),
(509, 'مجموعة ترافكو	', 'en'),
(510, 'البحرين للسينما	', 'en'),
(511, 'استيراد الاستثمارية	', 'en'),
(512, 'البحرينية الكويتية للتأمين	', 'en'),
(513, 'البحرين للاتصالات السلكية واللاسلكية	', 'en'),
(514, 'مؤسسة ناس	', 'en'),
(515, 'البنادر للفنادق	', 'en'),
(516, 'مصرف السلام	', 'en'),
(517, 'مجموعة البركة المصرفية	', 'en'),
(518, 'البحرين و الكويت	', 'en'),
(519, 'عقارات السيف	', 'en'),
(520, 'المصـرف الخليـجي التجاري	', 'en'),
(521, 'البحرين للتجارة و الملاحة الدولية	', 'en'),
(522, 'بيت التمويل الخليجي	', 'en'),
(523, 'الخليج المتحد	', 'en'),
(524, 'الإثمار	', 'en'),
(525, 'المجموعة العربية للتأمين	', 'en'),
(526, 'البا	', 'en'),
(527, 'إنوفست	', 'en'),
(528, 'البحرين و الشرق الأوسط	', 'en'),
(529, 'المجموعة الخليجية للمال	', 'en');

-- --------------------------------------------------------

--
-- Table structure for table `exchange_trading`
--

CREATE TABLE IF NOT EXISTS `exchange_trading` (
  `exchange_id` int(11) NOT NULL,
  `exchange_date` date NOT NULL,
  `trading_value` decimal(16,2) NOT NULL,
  `shares_of_stock` decimal(16,2) NOT NULL,
  `closing_value` decimal(12,2) NOT NULL,
  `difference_value` decimal(8,2) NOT NULL,
  `difference_percentage` decimal(8,2) NOT NULL,
  PRIMARY KEY (`exchange_id`,`exchange_date`),
  KEY `fk_exchange_trading_exchange1_idx` (`exchange_id`)
) ENGINE=InnoDB DEFAULT CHARSET=latin1;

--
-- Dumping data for table `exchange_trading`
--

INSERT INTO `exchange_trading` (`exchange_id`, `exchange_date`, `trading_value`, `shares_of_stock`, `closing_value`, `difference_value`, `difference_percentage`) VALUES
(1, '2014-08-02', 100587703.75, 127500363.00, 8282.37, 10.08, 0.07),
(1, '2014-08-03', 55135645.75, 148943917.00, 9301.03, 6.94, 0.07),
(1, '2014-08-04', 420096402.50, 194466412.00, 9110.01, 36.99, 5.08),
(1, '2014-08-05', 500096402.50, 183343107.00, 9301.03, 7.78, 0.81),
(1, '2014-08-06', 586096402.50, 154466412.00, 9280.75, 6.66, 0.07),
(1, '2014-08-07', 528098402.50, 104466412.00, 9210.31, 10.08, 0.40),
(1, '2014-08-08', 500413768.13, 159466412.00, 9910.51, 36.99, 1.04),
(1, '2014-08-09', 526096402.55, 143343107.00, 9281.87, 7.78, 0.08),
(1, '2014-08-10', 400413768.13, 154466412.00, 9550.31, -2.00, -0.11),
(1, '2014-08-11', 536413768.13, 134466412.00, 9074.09, 10.08, 1.04),
(1, '2014-08-12', 933461463.75, 234466412.00, 9274.09, -77.00, 0.40),
(1, '2014-08-13', 898328564.00, 238049928.00, 9288.24, 14.15, 0.15),
(4, '2014-08-05', 1.00, 2.00, 2.00, 2.00, 55.00),
(4, '2014-08-06', 56.00, 89.00, 234.00, 123.00, -12.00),
(4, '2014-08-12', 812273326.78, 447558208.00, 9000.00, -8.35, -0.17),
(4, '2014-08-13', 436413768.13, 123711982.00, 10000.00, 11.31, 0.12);

-- --------------------------------------------------------

--
-- Table structure for table `exchange_trading_companies`
--

CREATE TABLE IF NOT EXISTS `exchange_trading_companies` (
  `exchange_trading_exchange_id` int(11) NOT NULL,
  `exchange_trading_exchange_date` date NOT NULL,
  `exchange_companies_exchange_companies_id` int(11) NOT NULL,
  `opening_value` decimal(12,2) DEFAULT NULL,
  `closing_value` decimal(12,2) DEFAULT NULL,
  `difference_percentage` decimal(8,2) DEFAULT NULL,
  PRIMARY KEY (`exchange_trading_exchange_id`,`exchange_trading_exchange_date`,`exchange_companies_exchange_companies_id`),
  KEY `fk_exchange_trading_has_exchange_companies_exchange_compani_idx` (`exchange_companies_exchange_companies_id`),
  KEY `fk_exchange_trading_has_exchange_companies_exchange_trading_idx` (`exchange_trading_exchange_id`,`exchange_trading_exchange_date`)
) ENGINE=InnoDB DEFAULT CHARSET=latin1;

--
-- Dumping data for table `exchange_trading_companies`
--

INSERT INTO `exchange_trading_companies` (`exchange_trading_exchange_id`, `exchange_trading_exchange_date`, `exchange_companies_exchange_companies_id`, `opening_value`, `closing_value`, `difference_percentage`) VALUES
(1, '2014-08-13', 1, 0.00, 4.47, 3.23),
(1, '2014-08-13', 2, 0.00, 9.89, -0.10),
(1, '2014-08-13', 3, 0.00, 15.90, -0.38),
(1, '2014-08-13', 5, 0.00, 17.35, -1.59),
(1, '2014-08-13', 6, 0.00, 4.93, 0.20),
(1, '2014-08-13', 7, 0.00, 13.73, -0.87),
(1, '2014-08-13', 8, 0.00, 45.29, 0.13),
(1, '2014-08-13', 9, 0.00, 17.86, 0.85),
(1, '2014-08-13', 10, 0.00, 4.47, 2.05),
(1, '2014-08-13', 11, 0.00, 10.31, 0.10),
(1, '2014-08-13', 12, 0.00, 81.15, -0.79),
(1, '2014-08-13', 13, 0.00, 35.61, 0.00),
(1, '2014-08-13', 14, 0.00, 1.31, 0.76),
(1, '2014-08-13', 15, 0.00, 45.79, 0.04),
(1, '2014-08-13', 16, 0.00, 7.30, -0.82),
(1, '2014-08-13', 17, 0.00, 1.76, -1.12),
(1, '2014-08-13', 18, 0.00, 19.72, -0.20),
(1, '2014-08-13', 19, 0.00, 11.26, -1.57),
(1, '2014-08-13', 20, 0.00, 1.07, 0.00),
(1, '2014-08-13', 21, 0.00, 37.97, 0.58),
(1, '2014-08-13', 22, 0.00, 12.25, -2.23),
(1, '2014-08-13', 23, 0.00, 42.41, 2.86),
(1, '2014-08-13', 24, 0.00, 1.05, 0.00),
(1, '2014-08-13', 25, 0.00, 1.78, 0.56),
(1, '2014-08-13', 26, 0.00, 2.02, -2.42),
(1, '2014-08-13', 27, 0.00, 8.68, -0.69),
(1, '2014-08-13', 28, 0.00, 5.60, 0.54),
(1, '2014-08-13', 29, 0.00, 25.01, 6.52),
(1, '2014-08-13', 30, 0.00, 1.41, 0.71),
(4, '2014-08-06', 4, 1.00, 2.00, 3.00);

--
-- Constraints for dumped tables
--

--
-- Constraints for table `exchange_companies`
--
ALTER TABLE `exchange_companies`
  ADD CONSTRAINT `fk_exchange_companies_exchange1` FOREIGN KEY (`exchange_id`) REFERENCES `exchange` (`exchange_id`) ON DELETE NO ACTION ON UPDATE NO ACTION;

--
-- Constraints for table `exchange_companies_translation`
--
ALTER TABLE `exchange_companies_translation`
  ADD CONSTRAINT `fk_exchange_companies_translation_exchange_companies1` FOREIGN KEY (`exchange_companies_id`) REFERENCES `exchange_companies` (`exchange_companies_id`) ON DELETE NO ACTION ON UPDATE NO ACTION;

--
-- Constraints for table `exchange_trading`
--
ALTER TABLE `exchange_trading`
  ADD CONSTRAINT `fk_exchange_trading_exchange1` FOREIGN KEY (`exchange_id`) REFERENCES `exchange` (`exchange_id`) ON DELETE NO ACTION ON UPDATE NO ACTION;

--
-- Constraints for table `exchange_trading_companies`
--
ALTER TABLE `exchange_trading_companies`
  ADD CONSTRAINT `fk_exchange_trading_has_exchange_companies_exchange_companies1` FOREIGN KEY (`exchange_companies_exchange_companies_id`) REFERENCES `exchange_companies` (`exchange_companies_id`) ON DELETE NO ACTION ON UPDATE NO ACTION,
  ADD CONSTRAINT `fk_exchange_trading_has_exchange_companies_exchange_trading1` FOREIGN KEY (`exchange_trading_exchange_id`, `exchange_trading_exchange_date`) REFERENCES `exchange_trading` (`exchange_id`, `exchange_date`) ON DELETE NO ACTION ON UPDATE NO ACTION;

/*!40101 SET CHARACTER_SET_CLIENT=@OLD_CHARACTER_SET_CLIENT */;
/*!40101 SET CHARACTER_SET_RESULTS=@OLD_CHARACTER_SET_RESULTS */;
/*!40101 SET COLLATION_CONNECTION=@OLD_COLLATION_CONNECTION */;
